100654,65911303,113050823,79610700,0,2010
100663,774953178,1088903701,2236977186,51422186,2010
100706,120537020,130385545,261995785,819214,2010
100724,135171243,204446635,136138305,6280716,2010
100733,4290036,2203052,13098975,0,2010
100751,435457791,905840696,1534341490,61103919,2010
100760,12065560,10140149,22932492,1050235,2010
100812,21391461,20650652,27065625,0,2010
100830,13742926,39394693,51193331,52205,2010
100858,241212211,812085277,1269294273,46621134,2010
101028,11061908,10445983,18033285,824272,2010
101143,11299661,5963711,24062130,0,2010
101161,21138654,20850048,30817015,18093,2010
101240,39120823,35757086,57786909,2599444,2010
101286,27806909,13217418,44136484,0,2010
101295,20389172,31366693,83222628,933269,2010
101301,17058366,2036047,39336159,690939,2010
101462,6511734,4402545,9892885,196000,2010
101471,4215924,690434,7366702,0,2010
101480,69589662,114879272,79295032,0,2010
101499,7341806,2158441,12969872,252965,2010
101505,26935041,69484963,37978183,10231,2010
101514,37596274,42375437,62481347,184501,2010
101569,15440498,18332283,26741275,0,2010
101587,19011945,16856130,28355064,0,2010
101602,10394756,7360352,18250392,368328,2010
101648,3559825,3827791,20023363,0,2010
101709,32226711,36168552,54975399,0,2010
101736,14215391,7163607,30655282,0,2010
101879,47265538,38382782,91967262,3581942,2010
101897,7833952,8285014,21010496,54079,2010
101949,7280537,5380751,16519553,772125,2010
101994,3381242,3483538,4555859,0,2010
102030,13441787,13035605,31051613,2490436,2010
102067,18609657,18393969,67517711,0,2010
102076,4440854,8322184,22809163,24343,2010
102094,275417000,497886000,419271000,25201000,2010
102313,17979427,10359907,18785290,0,2010
102368,128835237,158690164,236101970,9850926,2010
102429,19798446,22061418,54322641,0,2010
102553,42988165,64705697,315496448,27285502,2010
102614,50607524,84879142,397139554,24690345,2010
102632,9855833,15387037,58283167,5579914,2010
102711,,,,600000,2010
103361,1269592,640938,14465498,2373593,2010
103529,110012291,106188494,204477441,124494,2010
104151,324994000,1270088000,1036795000,27432000,2010
104160,48194907,88751785,55033945,0,2010
104179,396161000,1360046000,973603000,23183000,2010
104346,63292612,67227936,80739938,34050,2010
104425,20486278,30842174,48813724,0,2010
104577,38473915,2933652,74882695,0,2010
104708,,,,30702,2010
105136,442701314,776002667,660052656,0,2010
105145,,,,139322,2010
105154,,,,32185,2010
105206,13035973,12286533,17391342,0,2010
105297,23120603,3909846,52777716,2809327,2010
105330,241884927,547571782,368830300,6672291,2010
105349,26368745,1300414,58528019,0,2010
105428,,,,2065,2010
105525,108514436,38180606,199062637,136726,2010
105668,,,,5143,2010
105747,,,,31152,2010
105792,,,,76668,2010
106148,26097373,62504995,65289513,318368,2010
106245,61057984,119504456,185509739,3304990,2010
106263,296648000,453029000,671946000,9882000,2010
106397,207639943,557873774,635232999,20903679,2010
106412,21004905,31127843,84367807,1765763,2010
106449,9359401,40584531,37169484,255438,2010
106458,39726486,146814628,184969150,8083153,2010
106467,42355654,66384309,80642614,1345759,2010
106485,7246618,16220118,38363491,3153201,2010
106625,4728817,3715414,34514814,894754,2010
106704,15351885,101879641,89225985,7190896,2010
106795,2654631,6752634,11771549,1235766,2010
106829,,,,44916,2010
106883,4183920,1841169,19659161,1652293,2010
106980,5819451,15243598,19567155,1516623,2010
106999,4358503,5351596,15695958,2504511,2010
107071,9258098,38746600,36023359,667708,2010
107318,7140047,18890404,35869557,350000,2010
107327,8598257,6121569,23099020,1090609,2010
107460,3813621,5788429,18621580,2231208,2010
107488,,,,0,2010
107521,2348022,2133219,3836707,299135,2010
107549,4266736,3897531,9606742,578162,2010
107585,4308492,4306994,14154284,405171,2010
107619,9251958,14697282,14537767,1481458,2010
107637,7293991,3033282,24409091,1159651,2010
107664,17692758,52118590,35329083,3525843,2010
107725,3037406,7747809,10029893,275378,2010
107743,5195881,1843781,12762489,4442419,2010
107974,12103067,6042816,21745884,1450277,2010
107983,9858709,43250484,40406447,2651637,2010
107992,6716853,1777440,18507498,3978083,2010
108056,36303337,14783824,26652575,993171,2010
108092,15727019,85605149,80046381,3374331,2010
108667,,,,0,2010
108807,98428519,108016647,86281047,398516,2010
109208,,,,9796574,2010
109350,82498106,175640159,43835185,6590635,2010
109819,142608619,337348702,173033918,6340518,2010
109907,11667469,1889233,32168153,30356,2010
110246,61569794,106607929,146697271,4974419,2010
110334,58244962,210282208,90921923,6289272,2010
110398,20814179,48684228,131225185,780493,2010
110422,91669287,514558442,381037424,4129422,2010
110486,46616151,44639873,109239083,927619,2010
110495,32280980,59768014,120221272,241275,2010
110501,222939824,1131674406,-118911947,-36598285,2010
110510,72323409,164000938,296778099,32504592,2010
110529,103103180,225631127,351661472,33030747,2010
110538,86283232,195981328,205054572,1553684,2010
110547,50202875,63406558,176768191,5090684,2010
110556,109389933,130706709,288585535,9955066,2010
110565,151563123,441894549,412587195,2520359,2010
110574,49825565,164690170,153055811,424973,2010
110583,156077011,235704489,457920181,3384942,2010
110592,97805953,129271882,295596442,4832982,2010
110608,163937075,251523302,451006348,21908159,2010
110617,136601496,306030581,263178223,450091,2010
110635,,,,130259000,2010
110644,,,,37769000,2010
110653,,,,128102000,2010
110662,,,,79731000,2010
110671,,,,92507000,2010
110680,,,,92709000,2010
110699,,,,160731000,2010
110705,,,,30998000,2010
110714,,,,93191000,2010
111188,17785657,22771398,63804667,2417638,2010
111434,16265976,130177017,31415817,2707062,2010
111461,73211513,223577309,80564838,2699770,2010
111887,94533442,139706032,76168379,669688,2010
111896,,,,1519874,2010
111920,25614453,356383818,63811901,232698,2010
111939,93545641,201602501,168771830,2036173,2010
112172,53414867,98423231,74650291,11048657,2010
112190,200285464,486670766,172410103,36058089,2010
112367,,,,3346880,2010
112376,12722624,36787953,14500529,2935138,2010
112385,22357609,64611880,25517940,5157950,2010
112561,,,,0,2010
112686,35057341,84556483,26557197,1076989,2010
112817,214163617,327489062,188369691,473340,2010
112826,,,,1031042,2010
113096,,,,4250393,2010
113111,,,,12397484,2010
113193,37688101,49624878,96568858,4886081,2010
113218,,,,4642689,2010
113236,,,,8813683,2010
113573,72260701,337496838,136212178,192000,2010
113634,,,,1220675,2010
113856,,,,4763477,2010
113953,,,,0,2010
113980,154187986,218443093,110039241,1371675,2010
114266,,,,974077,2010
114433,7247519,6698560,10589466,256206,2010
114716,42577327,242299322,43630734,13786629,2010
114789,37661750,79082923,84442786,4939494,2010
114831,106443318,605748306,109076834,34466572,2010
114859,,,,13785504,2010
114938,7979448,82330394,23279281,4098968,2010
115001,44305829,98553642,73007839,1473228,2010
115126,39248023,113487158,44732681,9054606,2010
115287,104848559,254710806,120057042,1865418,2010
115296,,,,9703991,2010
115393,22997534,142873517,76531235,2717185,2010
115755,38462738,99062230,184176093,3784920,2010
115861,26754989,74379274,-6279691,0,2010
116439,,,,2465623,2010
117052,26069089,61918590,143573075,4667788,2010
117195,3944800,3281911,30082300,436913,2010
117247,,,,0,2010
117274,4209612,2968945,7047492,0,2010
117645,192266505,440105297,49820258,2065628,2010
117681,319535112,3045393480,640860041,0,2010
117690,,,,1949552,2010
117706,,,,3745961,2010
117715,,,,1459778,2010
117724,,,,2473650,2010
117733,,,,3066261,2010
117788,,,,3931476,2010
117803,,,,0,2010
117867,,,,1845258,2010
117894,,,,1133371,2010
117900,215957155,279695358,424999079,20720089,2010
118347,15929819,155499262,46417150,10727097,2010
118684,5558931,39112175,34109589,38651,2010
118718,29703771,64044374,90716723,2132213,2010
118772,,,,0,2010
118912,36135540,14434320,116814377,1638327,2010
118930,,,,6459793,2010
118976,,,,0,2010
119067,99678394,149732505,62500643,230512,2010
119137,,,,4622387,2010
119164,133902710,278480622,163891484,28338955,2010
119216,23802627,24519099,68877540,978984,2010
119331,12590300,160668516,18766817,9071776,2010
120023,215662740,294241914,316000859,0,2010
120290,20751759,153422444,76390871,7946327,2010
120342,67034234,193832049,76401835,15464947,2010
120421,,,,1463376,2010
120953,26056296,42268997,47389520,9835346,2010
120971,110487055,180900544,134517898,31697979,2010
121044,168230613,164543151,188491044,2344333,2010
121178,437779539,711471552,58557652,0,2010
121363,,,,1468401,2010
121619,,,,13987060,2010
121707,13431282,37515143,43135659,3748090,2010
121886,106374379,155660261,92716415,11644082,2010
121901,130594376,183829810,195553952,9851149,2010
122180,,,,7412325,2010
122205,,,,4409816,2010
122339,26419761,177815000,79547818,0,2010
122375,36729045,247200387,110588261,0,2010
122384,17939702,120740993,54015030,0,2010
122409,181384968,216604145,407749533,2367906,2010
122597,152022137,360887599,386464479,807536,2010
122658,49752954,227794110,97889218,12338238,2010
122737,22013176,326759563,84512823,0,2010
122746,,,,0,2010
122755,175873950,349350983,241753581,387248,2010
122782,15966720,127782069,30837840,2657258,2010
122791,37715826,301840716,72843677,6276849,2010
122889,93730054,67817015,128120353,10885251,2010
122977,236826744,461357922,124706478,23761305,2010
123013,73625221,255282168,184722906,19759671,2010
123217,56258822,101039815,75578487,10030138,2010
123299,22397462,66424312,33097991,1745409,2010
123341,24037890,108179529,84778847,3046572,2010
123484,7167525,32598484,6943785,0,2010
123493,,,,0,2010
123509,26585458,212764098,51346682,4424480,2010
123527,,,,23150614,2010
123563,18120631,146021047,29636108,648464,2010
123572,60204375,201162387,165672763,5226814,2010
123800,33071588,207490092,70014109,0,2010
123925,8686382,2959109,26264616,60866,2010
124113,11544553,76159068,45912638,285928,2010
124557,8221335000,27238444000,19351076000,11303000,2010
125019,249899233,362981840,350912522,64666,2010
125028,,,,695744,2010
125091,95778475,161522257,56471858,2280675,2010
125170,,,,0,2010
125222,272171976,317690468,116298007,8356246,2010
125301,,,,0,2010
125462,,,,5506566,2010
125471,,,,2161340,2010
126100,35145783,354196914,118129023,13951981,2010
126119,9589238,79397731,33262476,380451,2010
126182,54411661,72123426,64302444,345347,2010
126207,41313392,29155131,84338488,66800,2010
126289,27726383,9714875,39539035,388725,2010
126562,521001171,751140732,899190479,10074579,2010
126580,55964099,130231745,169735806,14360717,2010
126614,676435505,804270398,1102261699,23642281,2010
126711,81223640,36774681,157171397,0,2010
126748,5586788,11692365,21328426,7296709,2010
126775,72018603,214054209,160965800,10395990,2010
126818,359096557,559985556,687060596,23327472,2010
126863,17236589,6088515,16644313,0,2010
126915,,,,149088,2010
126942,28870596,11510853,21723630,0,2010
127158,,,,0,2010
127185,24883806,67351497,114982980,9275482,2010
127200,63514732,19950958,100444625,8952712,2010
127389,3809439,1078594,13180818,79169,2010
127556,30262531,164836372,152629592,23331393,2010
127565,61731952,100207570,53409525,0,2010
127617,6511433,1991880,15705887,3978844,2010
127732,7389827,13016847,18483239,1834106,2010
127741,68558651,168937472,169545566,10830400,2010
127778,16582134,5669954,21356384,0,2010
127820,35893421,20822374,39634262,180855,2010
127884,16786204,7838122,41179359,1756453,2010
127909,32233013,11691201,36892535,412350,2010
128106,25975144,84493657,79713131,9597245,2010
128151,,,,134635,2010
128258,7824061,4067887,19151165,810222,2010
128300,92615320,33398050,213475388,35346,2010
128328,,,,0,2010
128391,71702987,95974942,47627980,10970233,2010
128577,5598713,3535414,7758024,535421,2010
128771,123619522,98682379,249080256,3868970,2010
128780,3102952,1019700,5240156,511488,2010
129020,784280813,1514715080,1790167755,99772926,2010
129215,57178104,57224141,234029147,5054587,2010
129367,14564527,6789892,61733592,2195008,2010
129543,17093753,7541215,94616694,0,2010
129695,14339674,11734197,71872847,17408,2010
129729,14428557,13147164,56564274,0,2010
129756,7691098,4850997,10625585,0,2010
129808,12257137,8170400,90330168,143882,2010
130004,33865179,11597231,49209480,19041581,2010
130040,4600156,3598165,24256809,423825,2010
130217,7081290,3720086,15711769,365091,2010
130396,168943619,12093457,206341642,182853720,2010
130493,120569323,99948204,262202130,1464582,2010
130606,10961741,7889809,41226600,0,2010
130624,,,,0,2010
130776,68493230,55325261,204074045,2386192,2010
130882,2112985,89396,3380558,7237993,2010
130891,13105610,2581080,21034045,0,2010
130907,11000587,1255389,19401437,0,2010
130916,30642435,3272324,47532637,0,2010
130934,28740984,79010843,135181134,2292830,2010
131399,49150331,79030401,91037876,1472569,2010
132374,,,,0,2010
132523,,,,0,2010
132675,,,,0,2010
132693,28037390,17034214,125796766,7599760,2010
132709,114253832,56001765,250770829,14601851,2010
132851,11199137,8444037,88950404,4973148,2010
132903,462784171,318760690,1020178630,24804372,2010
132976,,,,0,2010
133021,23242818,3745499,57799431,1524538,2010
133155,,,,0,2010
133386,29280209,43321373,172055986,12570911,2010
133508,46732720,26416099,145346535,5998468,2010
133650,143765226,105853913,522742986,37445589,2010
133669,277790943,191032174,802779369,11464309,2010
133702,46676727,48000071,279897702,10995895,2010
133951,396599161,350531586,806210686,48756954,2010
133960,3958725,1524718,23768480,1590249,2010
134097,677814755,374491076,1931172569,54029688,2010
134130,1159465000,588311000,2297097000,58141000,2010
134291,,,,13741,2010
134307,,,,0,2010
134343,29002943,10340004,100111635,3625772,2010
134495,52064728,13988439,233573582,6774405,2010
134608,56939837,19288232,265088493,5980933,2010
135160,20516816,4983572,45654014,1651283,2010
135179,,,,0,2010
135188,8523835,4072088,71912086,2083665,2010
135267,,,,160618,2010
135276,,,,5739154,2010
135294,,,,0,2010
135391,33793724,7294778,100149313,4731245,2010
135407,,,,88979,2010
135522,,,,0,2010
135647,,,,1210647,2010
135717,271821132,90151282,979071188,31734509,2010
135735,,,,0,2010
136145,3484108,1938959,30586882,549645,2010
136172,136019667,189310701,376003510,10370077,2010
136233,38371012,7256367,134346064,2442389,2010
136303,,,,0,2010
136358,27396765,25771148,226004009,9730835,2010
136400,44345675,10506403,148473886,9017254,2010
136473,32930670,15369966,66269671,5460721,2010
136491,,,,0,2010
136516,18063587,6736865,74759274,4156053,2010
136659,,,,191094,2010
136765,,,,0,2010
136826,,,,0,2010
137023,,,,541250,2010
137078,67532460,55909854,310061031,10379945,2010
137087,,,,14749,2010
137096,102397011,108747631,123504675,8788642,2010
137120,,,,0,2010
137209,24574590,18320525,184322495,12519260,2010
137245,,,,1402815,2010
137281,21423904,4623108,67672709,1458140,2010
137315,8133496,3486745,75349321,6483608,2010
137351,638346527,329103325,1063630190,53550299,2010
137713,,,,0,2010
137759,47340416,30105257,133540169,5610384,2010
137856,,,,0,2010
137865,,,,97197,2010
138187,62465497,18818504,246917237,14013214,2010
138284,,,,0,2010
138354,83574205,24055792,215795540,5115159,2010
138372,,,,0,2010
138479,,,,0,2010
138488,,,,0,2010
138497,,,,0,2010
138558,6971749,51970968,31041238,1397153,2010
138682,3299486,1849372,22220231,1366994,2010
138691,9941839,6016094,41566779,3152217,2010
138716,14374824,38393551,97723159,61095,2010
138789,20478350,83766371,65642541,17025,2010
138840,4155219,1993344,15382383,4808,2010
138901,5944700,2525201,15543874,1381,2010
138956,7628649,1927675,34017427,260933,2010
138983,16251956,40575473,79705720,542473,2010
139010,10634352,4136319,36760933,28120,2010
139250,4502969,2543104,36334227,2061795,2010
139278,3058695,2988430,54692559,8427561,2010
139311,16016876,52703426,64011309,1317008,2010
139357,3072965,1563627,15902973,1229,2010
139366,24001674,72604792,83318369,0,2010
139384,4155009,5077884,35470499,1073107,2010
139463,6488491,9686120,28675407,712869,2010
139621,4850039,2098848,21976117,1238692,2010
139700,5237867,3304695,41796308,519715,2010
139719,8567218,72412053,64525276,16104912,2010
139746,,,,0,2010
139755,220487917,667885837,1156377293,18468836,2010
139764,9569338,45877442,44778187,1239361,2010
139773,15344770,17327924,41423016,0,2010
139861,24361575,121890998,65550888,1882487,2010
139904,14673387,11036050,44028780,0,2010
139931,66110870,210668112,297062797,4032953,2010
139940,218932952,388295121,504479206,57359747,2010
139959,369421730,399183165,1423241715,78064481,2010
139968,13848000,37740818,37753393,4882,2010
139986,6866667,1941258,22588815,20575,2010
140012,10566117,6703260,37327585,238461,2010
140076,1094132,1093235,22246809,882952,2010
140085,3012572,1565483,21628436,664876,2010
140164,74400162,156983680,171184800,4882634,2010
140243,5461502,3765734,26175006,13080586,2010
140304,4605663,1669332,36574423,442414,2010
140322,14400942,6311464,80302171,1343817,2010
140331,8531773,5461366,72436472,19652716,2010
140401,89912220,151729868,337146810,8625270,2010
140483,12964188,66212997,76742871,1507682,2010
140599,4046232,1802707,31301045,271233,2010
140669,18819573,53088457,87923387,1684845,2010
140678,2612850,1714545,31154484,29015,2010
140942,5704540,2157321,44930482,13431509,2010
140960,13922771,58750029,75748255,797965,2010
140997,1998729,17273654,12469204,137559,2010
141006,2509394,1370897,22599384,435568,2010
141097,24675095,63873445,64829593,1464626,2010
141158,1911002,742823,24835304,35689,2010
141255,5467123,2684966,43322897,1396817,2010
141264,29935140,232025303,131688935,4671017,2010
141307,2411239,1018517,10658088,1580185,2010
141334,45219847,129504267,128319439,5285277,2010
141565,27126630,44962199,191421086,34680499,2010
141574,252327366,475685503,685356332,46822588,2010
141680,8727825,5977075,16997311,4673425,2010
141796,17862759,10201180,61763778,13031,2010
141802,2697874,2704702,11291364,30235,2010
141811,11191682,9840070,11335340,0,2010
141839,6949297,6700681,80770455,104238,2010
141963,74046930,267278567,359110739,115913890,2010
141981,3282644,22306086,49582709,15967,2010
141990,3274013,3346224,73853886,0,2010
142115,92765203,291766549,295224780,7762395,2010
142179,4434650,1119119,27106758,11385642,2010
142276,80612923,103031624,169536346,7531956,2010
142285,69458664,208254578,380286428,39245566,2010
142328,20881453,16210179,56055093,16394532,2010
142443,22552508,26393038,35090162,0,2010
142559,31371448,9650666,79755764,12124075,2010
143215,88301125,75317484,76398542,11625,2010
143279,64634431,32861597,62080343,0,2010
143613,18739394,39398263,14718079,0,2010
144005,28334758,39106805,134717190,683790,2010
144157,,,,0,2010
144166,,,,0,2010
144175,,,,0,2010
144184,,,,0,2010
144193,,,,0,2010
144209,,,,0,2010
144218,,,,0,2010
144500,284663520,164784671,793918693,7335701,2010
144564,18031131,4741317,49964501,0,2010
144865,332542710,331006657,292082346,0,2010
144892,100451066,179928338,197960707,1662519,2010
144944,158485759,165244483,89931176,29807,2010
145336,48982447,48877968,78188998,0,2010
145521,21690455,15305538,25135631,0,2010
145600,633777873,1106709542,1109476193,12418061,2010
145637,479592591,1270770067,1399100265,70120867,2010
145682,105254188,100548614,139570933,0,2010
145707,,,,0,2010
145813,132615673,178977195,419818204,8511807,2010
145831,40513395,13745334,57230625,0,2010
146205,23122855,33939091,60399091,0,2010
146278,14367753,17071263,31113092,0,2010
146296,214522723,199174598,85260671,10100,2010
146348,31155895,21212177,29706469,0,2010
146366,21679139,32368289,35438849,243998,2010
146418,31681174,29121247,34759038,0,2010
146472,115446498,109753540,133522359,0,2010
146506,39688815,35502591,58669972,4279564,2010
146603,88591082,130145207,79935782,9860918,2010
146685,93723104,74489642,61632918,0,2010
147004,60676063,38902856,55797690,0,2010
147378,113360393,114172009,165269305,16580,2010
147411,28020072,16754169,34650644,0,2010
147703,126074240,238231834,254288466,3871153,2010
147776,50053923,50200622,111829457,-85301,2010
147800,117169693,81959764,146066951,130869,2010
147916,101682822,87453497,70616832,0,2010
148007,22406024,26664002,31426254,12950,2010
148256,21746178,21029394,24660756,0,2010
148292,21220095,18202370,30998057,0,2010
148380,84886484,109954305,51420664,40000,2010
148654,17897143,76000931,65899955,67438,2010
148672,18552632,6400528,32157018,0,2010
148821,9889933,10426379,20888558,0,2010
148937,7333674,11492682,12232841,0,2010
148991,12048840,20313693,3193706,0,2010
149222,153955941,310744163,374456143,1802641,2010
149231,67479839,204484254,171052970,3527220,2010
149240,1434172,1124558,342210,0,2010
149365,34806508,41396638,16744898,0,2010
149532,54514867,21579484,60329622,0,2010
149587,470318137,342783067,211069663,0,2010
149727,107054011,130663357,82517239,163135,2010
149772,82118680,97760037,140792829,6495559,2010
149842,119771904,259363128,197691468,0,2010
150136,170816910,236324602,628765557,13878257,2010
150978,23619106,33481978,26070255,0,2010
150987,22724845,62972357,20423037,0,2010
150996,13211483,2070008,16404565,0,2010
151005,13099032,23519065,15318411,0,2010
151014,254736,9388922,1195982,0,2010
151023,4078121,10607707,35577230,0,2010
151032,2137700,35205417,20480362,1000000,2010
151041,14125452,22652730,1815815,0,2010
151050,45195868,35719618,26896932,0,2010
151069,23833834,27259459,16093348,0,2010
151078,3288244,25265016,25534822,56063,2010
151087,14072704,41301381,28081274,0,2010
151096,2545585,20005345,9788612,0,2010
151102,93582940,162252584,125744510,6846866,2010
151111,464696517,517538023,920994882,6175467,2010
151306,68253606,169023634,120298191,44753,2010
151324,69973244,142399341,319762993,12799084,2010
151333,10023990,18990371,26285179,0,2010
151342,60064311,70942126,84385264,453481,2010
151351,387108532,895298982,1534887071,13993392,2010
151360,17730788,30362805,45047622,44250,2010
151379,25443130,57977844,47687644,202247,2010
151388,6752023,12230222,17579385,4222,2010
151537,,,,228934,2010
152248,69246386,76773439,102493720,4602318,2010
152266,11018639,2741646,25619273,532850,2010
152637,35500259,85734229,219946711,0,2010
153214,134940505,157404786,98588207,180628,2010
153296,7882043,20621833,10294378,0,2010
153311,84761328,94325701,69608483,0,2010
153445,60316082,46459202,70097851,0,2010
153472,25416461,26142940,56214009,35000,2010
153524,29795586,54435362,31207150,0,2010
153533,20984239,19949219,29586937,0,2010
153603,285381595,705785411,995687908,13579985,2010
153630,44157465,95950770,45446168,0,2010
153658,1864761000,1526134000,2611708000,36182000,2010
153737,78108543,140210907,103165020,0,2010
153922,13420777,35112852,17528264,0,2010
154059,28737649,19546259,32805143,0,2010
154095,64413636,184651958,324535024,11092797,2010
154110,46308704,89724452,21806469,0,2010
154129,21158720,16783157,23365524,0,2010
154378,25883258,24544462,24159643,0,2010
154396,21467361,19200858,16241094,661759,2010
154572,33510476,33257477,38020550,0,2010
154642,12910206,5176348,16055418,0,2010
154697,18012183,10786157,23057578,0,2010
154800,18450115,19221036,40752403,0,2010
154907,6109192,8222610,13661873,0,2010
154925,2017394,10977493,5001905,0,2010
154934,1900104,6682735,5000875,0,2010
154952,18122076,14581128,27067014,72123,2010
154998,11199850,6640339,12551637,389838,2010
155025,24106895,36094613,69205744,2496145,2010
155052,2439299,616206,3157100,0,2010
155061,37650166,22919595,95099045,2083670,2010
155098,1769269,5013205,11992911,0,2010
155104,14697736,15693533,18849284,45000,2010
155140,1,1,0,0,2010
155186,4441282,4372317,13550438,0,2010
155195,24484092,28782345,43612433,912694,2010
155201,4615227,9133510,6394004,0,2010
155210,122920678,64170162,213950604,0,2010
155292,28762560,16948471,33862799,251161,2010
155317,441710957,574019429,933777159,27025595,2010
155399,183947407,321534681,447492782,29028036,2010
155423,,,,398703,2010
155450,6026355,3009712,11177053,0,2010
155487,1702608,1091023,2955822,0,2010
155566,8480290,9946191,7109108,0,2010
155593,3201724,1156543,6857372,141367,2010
155618,6286147,504642,12584681,722341,2010
155681,34695304,49695779,102421790,2692025,2010
155715,9137135,7825176,12521980,0,2010
155830,3975577,338175,15152437,130133,2010
155858,14209261,11525896,36113977,0,2010
156082,36322125,38199797,131687814,1544105,2010
156107,6130524,9535029,7551969,160081,2010
156125,80517440,70839012,190027455,6424954,2010
156231,,,,8066263,2010
156338,,,,419347,2010
156392,,,,4083959,2010
156620,65858527,105363912,253006090,26992367,2010
156648,,,,14843754,2010
156790,,,,3088452,2010
156851,,,,3220845,2010
156860,,,,1417813,2010
156921,,,,7790370,2010
157058,30819820,17981262,105396228,1760427,2010
157085,712529830,1154663712,2389976953,75504084,2010
157289,230073000,480004000,772347000,18960000,2010
157304,,,,1788913,2010
157331,,,,2110751,2010
157386,53965965,75099066,168362082,18412817,2010
157401,64296745,77044399,207764186,4436753,2010
157438,,,,7184074,2010
157447,82243000,137908000,274900000,15627000,2010
157483,,,,9588409,2010
157553,,,,2218714,2010
157711,,,,9609266,2010
157739,,,,3011619,2010
157854,274969372,164932392,824670328,2379412,2010
157951,102919653,176928598,352980014,21599798,2010
158088,2757974,7235923,-284243,0,2010
158352,2473764,6662534,-1650510,0,2010
158431,4366947,14468445,-7659688,125058,2010
158662,38161342,50783667,31996839,5525352,2010
158769,4414489,3979986,4687281,0,2010
158884,4211753,5371793,16024005,910968,2010
159009,20399335,140039829,72950825,3849198,2010
159373,169352997,131705174,267638230,9910283,2010
159382,6343355,15276877,15489986,5376901,2010
159391,317410529,813153117,671242333,68336280,2010
159407,7961486,14311383,13776564,1064413,2010
159416,8241090,11037542,27189409,121963,2010
159443,10024255,12216248,5706987,0,2010
159638,86303961,11964485,74668322,7646923,2010
159647,44626562,134519859,161366259,22612512,2010
159717,39027668,59215480,76204580,8234976,2010
159939,30247937,126125712,136646125,10579230,2010
159966,49074335,92340920,52997235,8820318,2010
159993,32907239,124072810,85770860,4551077,2010
160010,5542914,7372188,5652797,0,2010
160038,39833210,41287673,70061859,4459929,2010
160481,5345526,3473034,4557194,120000,2010
160533,1118653,3334896,-1717988,3249422,2010
160579,6635278,5828898,6745742,675103,2010
160612,40589492,144777979,91195058,2522913,2010
160621,44218306,128570302,106419452,6519583,2010
160630,14501838,54730370,47436132,6064137,2010
160649,3080904,25872612,5281347,451539,2010
160658,68790774,106761214,274397617,6469993,2010
160667,2918600,4996145,-488648,0,2010
160913,5505613,5833002,2461449,330,2010
161077,4654225,7415023,16425422,550220,2010
161138,4614807,7826993,22426539,753438,2010
161192,3389554,3475344,12249002,1339082,2010
161217,11200000,5694000,38816000,1535000,2010
161226,15836000,15540000,51796000,996000,2010
161235,684000,9175000,11112000,1240000,2010
161244,1215000,7004000,10079000,168000,2010
161253,89608000,123616000,360109000,10404000,2010
161280,109047000,83997000,67147000,12000,2010
161299,10900399,7174983,46611191,1463205,2010
161341,5354000,3791000,24492000,29000,2010
161484,2260741,1645954,12534458,1001070,2010
161545,10112093,16636179,32565163,793357,2010
161554,26228000,103254000,143655000,1621000,2010
161581,3438330,795334,12641618,774782,2010
161688,11198411,4736505,36604339,117760,2010
161767,39096629,32989124,82261966,2622381,2010
161864,38457452,11290389,85017783,116346,2010
161873,17101659,48613079,60426657,4110165,2010
162007,36464894,26470175,110828750,10832397,2010
162104,7936281,5394537,52395116,10272515,2010
162122,22890236,13878303,89771773,6740144,2010
162168,9876456,5731194,51826518,7847607,2010
162283,10932978,36969299,239410207,39105287,2010
162557,19514011,4684217,67878678,7797646,2010
162584,27299571,27554430,74315902,436222,2010
162609,6310580,3232537,15906391,640844,2010
162690,19770546,6702095,64570095,3270254,2010
162706,29018151,6962082,93476036,2443062,2010
162779,37236361,26385022,157827395,8077641,2010
163204,197057139,67352167,277588135,0,2010
163259,258120987,305415691,743323539,46608048,2010
163268,65173368,135456359,195177473,2461359,2010
163286,550884512,561832792,1492754410,22963557,2010
163338,23634179,68308149,133972132,2458729,2010
163426,98853498,87734452,377812237,56156265,2010
163453,54235462,104701465,284648655,9336799,2010
163657,60296757,19004773,128287517,4983474,2010
163851,60350313,74030323,228737189,14635889,2010
163912,15080167,50635914,116724458,3576307,2010
164076,171169998,148518382,435611907,50259149,2010
164146,97791825,183333077,156752614,20368,2010
164155,,,,0,2010
164313,14855683,8160436,62306473,6984922,2010
164535,,,,0,2010
164775,6432867,4429724,9705218,159548,2010
165024,45415587,67732281,72808406,2372583,2010
165033,21472060,7614731,27846650,1526261,2010
165112,19533491,19898205,32376659,3958090,2010
165194,9119589,6579926,17169356,783457,2010
165608,,,,0,2010
165820,20743120,25895542,66941564,1683802,2010
165866,21825491,37652706,63509572,1649328,2010
165981,3173002,4053799,23298571,7238757,2010
166133,8900536,13880897,33889190,165470,2010
166513,46890000,218475000,182289000,29340000,2010
166629,156712000,762530000,815916000,10771000,2010
166638,65609000,201303000,223634000,23237000,2010
166647,8013687,5960236,14642095,118030,2010
166665,48796000,131595000,87762000,4922000,2010
166674,16830073,20778464,27163761,468456,2010
166692,16804657,13131292,42258293,5641327,2010
166708,211285463,547025198,447801504,16516669,2010
166823,14587147,9175185,22274306,5908796,2010
166887,17019429,18222543,32728743,1018115,2010
166957,9763939,9614749,12941741,866692,2010
167288,16328473,9125890,25346468,313166,2010
167312,13103879,21082509,41874597,7648715,2010
167376,9064031,8237568,19968389,41143,2010
167525,14701877,5235645,12290498,0,2010
167534,19360431,12924968,33576776,2295506,2010
167631,6728815,5823094,29544943,1540719,2010
167729,35867010,30659560,70236330,1425319,2010
167871,,,,216374,2010
167905,20328768,17991344,33577042,4249231,2010
167987,19896000,228869000,65119000,3734000,2010
168263,26145662,17973570,55120861,8688659,2010
168430,17629377,26493494,82517422,2263766,2010
168607,4437614,4794165,16107962,0,2010
168883,6700321,12616011,24031053,0,2010
169248,149441240,259674436,545292205,10209736,2010
169275,39286597,80857231,99929417,0,2010
169521,43579920,7512379,141572941,1007490,2010
169798,90455365,335635675,231072256,55144,2010
169910,96920561,162412476,250831671,4411422,2010
169974,6641897,4903741,11659238,99165,2010
169992,3148733,5791749,9999972,0,2010
170055,52053225,74643484,100087420,0,2010
170082,119713605,328331371,538757542,18438109,2010
170240,47036756,58481347,77107773,0,2010
170444,8583252,49208941,48424369,137888,2010
170541,49684796,8322750,122847245,1141364,2010
170550,27399499,15807231,56882353,0,2010
170587,8894903,6142555,16189855,0,2010
170620,14173543,11599072,49604548,156944,2010
170639,11722435,33219194,46934537,801110,2010
170657,42397438,77813280,130448653,0,2010
170790,33015180,16322781,314964760,1015146,2010
170976,1603492000,4298007000,9016385000,89285000,2010
171100,419778786,1375797861,2467778487,53173231,2010
171128,40101000,100967000,200990000,5802000,2010
171137,37038000,31351000,162468000,991000,2010
171146,44958000,23411000,184135000,2758000,2010
171155,21119453,6328066,41936550,1115427,2010
171225,17914502,3201824,40884482,0,2010
171234,5945444,5849848,18844033,40165,2010
171304,24410689,26830663,27439357,532704,2010
171395,7607103,3958401,28928612,490990,2010
171456,68509560,135111461,219277330,0,2010
171483,12493702,34215928,56328588,0,2010
171535,32347558,30746573,363107032,0,2010
171571,95304549,177020829,321080996,1091398,2010
172051,79400660,161542547,201758300,14611549,2010
172200,81175570,16303616,131117535,906435,2010
172291,19732908,9345619,52135727,128901,2010
172307,18873000,26367524,40993059,6000,2010
172422,,,,2500,2010
172617,19387340,52751068,127096354,361413,2010
172635,129954415,35739332,222096097,0,2010
172644,517683516,697678982,894726532,6695103,2010
172671,10996438,3464581,33506538,11460,2010
172699,60949697,488712665,328175223,2396436,2010
172918,9656000,12966000,24559000,1700000,2010
172954,10802000,7191000,20833000,1449000,2010
172963,19061000,18313000,48165000,3461000,2010
173063,8980000,9147000,17957000,2597000,2010
173115,4508000,3647000,7138000,159000,2010
173124,29529000,37026000,58972000,3197000,2010
173203,12482000,14213000,30988000,1556000,2010
173416,16435000,8843000,32107000,2696000,2010
173461,9192000,12857000,31172000,1720000,2010
173559,18449000,17714000,32370000,3474000,2010
173638,10498000,8612000,14894000,1121000,2010
173708,22356000,12588000,29472000,3200000,2010
173735,8366000,8693000,20051000,297000,2010
173799,21136000,16079000,40442000,3901000,2010
173805,5394000,7158000,8332000,313000,2010
173911,13487000,9254000,12701000,987000,2010
173920,89525000,120427000,187101000,13786000,2010
173993,5132000,5341000,8498000,1863000,2010
174020,31803000,29984000,57947000,9339000,2010
174066,535387717,1526128112,2541181654,174962288,2010
174075,709213,3335776,41393366,3518611,2010
174136,47581000,38903000,94074000,3021000,2010
174233,59616049,41135447,353849970,38387057,2010
174251,3285801,5930398,66923784,11185807,2010
174358,52035000,62113000,89088000,8732000,2010
174376,24071000,14920000,46556000,1603000,2010
174428,51383000,38457000,54236000,1559000,2010
174473,10327000,11844000,31675000,2014000,2010
174570,2917000,3035000,6626000,1490000,2010
174604,1923000,1213000,3262000,523000,2010
174738,17041000,16365000,66870000,4881000,2010
174756,23376000,14665000,42575000,915000,2010
174783,80806000,93644000,163661000,10801000,2010
175041,18804000,18472000,46127000,3347000,2010
175078,20614000,35338000,65823000,7556000,2010
175157,2487000,3079000,5832000,1687000,2010
175236,17647000,12993000,28901000,4415000,2010
175263,6964000,7847000,14822000,820000,2010
175272,69960000,92287000,150606000,7796000,2010
175315,31048000,30371000,54160000,6247000,2010
175342,26904027,61392729,130962993,4178886,2010
175519,8318742,1580329,37209285,0,2010
175573,9934239,11533450,37540924,7580351,2010
175616,7455658,14028330,92865415,7223936,2010
175643,7941168,3790485,20657594,724040,2010
175652,26532167,5791341,46574285,219729,2010
175786,50783937,61241185,132366382,1527852,2010
175810,10606483,15207916,36390002,5393407,2010
175829,39778235,21321321,79156960,12654886,2010
175856,37074789,118367191,180222020,7774730,2010
175883,17004594,23637415,68664550,8951575,2010
175935,12126005,4702758,34352523,1359672,2010
175999,19898938,33802660,61362662,0,2010
176008,10273040,2830639,42131028,0,2010
176017,160346690,197939376,722860789,34803862,2010
176026,311915649,362936026,688266496,3027820,2010
176035,6627169,5792109,91082123,2086659,2010
176044,10016624,23487171,57071449,4495252,2010
176071,48135659,63064034,122026689,10290993,2010
176080,122536525,245221358,635367129,25142719,2010
176169,8862804,4258912,40145870,2156077,2010
176178,14859105,7242464,91268192,5212301,2010
176239,42968412,9157040,88841419,1359894,2010
176354,13987249,2270385,40253586,656666,2010
176372,64953474,205033460,378963822,20594777,2010
176734,,,,4500,2010
176798,,,,0,2010
176965,88272336,99672508,176783562,9915467,2010
176983,,,,0,2010
177056,,,,0,2010
177135,11734859,8347414,37359628,0,2010
177250,26036742,27201012,33587081,0,2010
177436,,,,2029,2010
177472,31604416,13129837,21986890,0,2010
177551,10248847,22558899,38487661,1786285,2010
177676,28290525,28564789,36070313,0,2010
177807,,,,0,2010
177870,,,,113500,2010
177940,12294601,33195880,75479043,1803284,2010
177977,6772932,11928098,43100337,11257636,2010
178129,94913229,121564911,123314689,0,2010
178217,11826081,16006074,19525522,37250,2010
178341,18075685,35680417,84234244,7650185,2010
178387,27219633,50356286,74883821,25330291,2010
178396,914763809,1132787639,2305220075,35588251,2010
178402,126337583,191999342,390424139,6358185,2010
178411,109864544,91539588,339992137,10405458,2010
178420,101881239,100389251,289881794,5033567,2010
178439,269797862,1024080819,355216957,903150,2010
178448,12292661,3592685,26889424,39429,2010
178466,,,,0,2010
178563,,,,0,2010
178615,73397574,79735798,229065010,5778502,2010
178624,19417928,97949115,102142256,3546741,2010
178828,,,,0,2010
179052,,,,0,2010
179238,,,,0,2010
179283,65416798,59941528,165691083,0,2010
179344,6498428,1490349,17791754,0,2010
179539,12134402,2322430,28860369,0,2010
179557,32824344,129653523,281972995,4415341,2010
179566,142415902,128781583,378002837,7497715,2010
179645,9478117,8094339,15722405,0,2010
179715,9673771,5778944,24281324,1357129,2010
179724,,,,0,2010
179742,,,,0,2010
180151,2410258,5902240,8772365,0,2010
180160,2108363,864992,5829467,0,2010
180179,33950251,29199803,61244649,2042464,2010
180197,11283779,21057780,17719957,0,2010
180203,820729,229323,8269670,895796,2010
180212,7339219,3065274,9177144,0,2010
180249,5725093,3487730,23187804,60299,2010
180276,2144516,2555430,13552482,351928,2010
180328,7160518,1073483,18335045,1081854,2010
180373,2632218,3159602,5814362,0,2010
180416,21771489,21198007,52203358,17247581,2010
180461,124452124,213516919,220347600,16690575,2010
180489,50532508,204929641,178299176,9388528,2010
180522,5342249,10377194,15582848,406853,2010
180692,5478249,10390776,10552661,4750995,2010
180902,30360794,26951192,51350153,2720126,2010
180948,7047285,9415699,36674690,1818898,2010
181215,36724747,39851656,129171923,686616,2010
181303,55359772,24627503,105014791,4500,2010
181312,15901188,4614944,23961116,445876,2010
181394,67061441,159097073,202801206,26351552,2010
181419,2331575,575736,5373671,61094,2010
181428,176032817,96627916,830985657,6857829,2010
181464,334968540,439171820,963622573,57461662,2010
181491,29269220,19870061,64779241,3923048,2010
181534,6922225,5237755,39151847,1895764,2010
181640,49606819,4383597,86132293,20041,2010
181747,64871430,22410274,103262111,638083,2010
181765,3189520,471326,5666491,716544,2010
181783,17009253,13600343,75756801,5309522,2010
181817,14535745,14351566,20935287,628432,2010
182005,61164000,15865000,274021000,20868000,2010
182281,248988000,307041000,827754000,13427000,2010
182290,158750153,328353604,679339240,48219395,2010
182306,5514000,3355000,45516000,0,2010
182500,28006000,11601000,85783000,695000,2010
182519,14804000,6484000,48697000,328000,2010
182564,8505000,3198000,42986000,0,2010
183044,190662503,376260304,629241490,54022283,2010
183062,31829470,113283061,120715988,4479885,2010
183071,939982,1185877,1998887,428907,2010
183080,34643469,104187116,77774987,4418592,2010
183099,281204,5081420,45506180,4200116,2010
183105,22364,537513,10099832,371760,2010
183114,48420,555123,8647266,2189060,2010
183123,231953,630287,13497129,365625,2010
183132,106695,957968,25887664,1011269,2010
183141,74112,2465446,22840744,9678747,2010
183150,59485,1367996,26355505,86855,2010
183257,5325347,2814924,6451671,828937,2010
183327,33447123,89047540,53432393,-1925091,2010
183655,15669770,10454796,58626898,2023351,2010
183743,42051915,33813271,140608022,5232085,2010
183859,36191791,62792846,135049733,25665474,2010
183877,31449778,19678097,99926649,4551918,2010
183938,23339160,21299057,94674637,2968629,2010
183983,,,,0,2010
184180,22741298,12077653,74164406,5383421,2010
184205,10701791,3884657,52451116,83340,2010
184481,48580215,19500114,126611436,2920664,2010
184782,115457968,409919973,172741633,0,2010
184791,17626078,9000716,43694410,3796455,2010
184995,19392855,10126869,92550016,11822530,2010
185129,41303179,138998412,97696097,1837652,2010
185262,100084731,369592390,165036052,0,2010
185509,20566620,11517087,56373909,3949809,2010
185536,48397315,19138323,87374335,0,2010
185590,99663000,428065000,298590000,1301000,2010
185828,65359000,201785000,192099000,4110000,2010
185873,33621484,24931295,71554752,5455654,2010
186034,13578530,7771016,58893901,4761198,2010
186201,70957000,277975000,73831000,7000,2010
186380,694576000,1066870000,2426600000,22017000,2010
186469,4427214,1052060,17247630,0,2010
186645,13488069,9624382,67033503,3233354,2010
186876,148723604,292407978,156793825,0,2010
187046,40701558,14493750,48202142,0,2010
187134,109631000,423536000,332001000,0,2010
187198,26118013,27661817,98835621,49319933,2010
187222,485397000,1067578000,483015000,1087000,2010
187444,122689617,210366207,261555880,522994,2010
187532,107518873,67407224,224167940,11201345,2010
187596,17671926,9055667,21224853,0,2010
187620,6527857,2530816,51877320,14054376,2010
187639,7391179,2838555,27121632,0,2010
187648,11158054,25129062,89711656,4521616,2010
187666,15001497,8027946,49326521,3783161,2010
187745,2724294,12595372,52027416,6114124,2010
187897,41129105,42924667,72621858,8845424,2010
187903,20281204,6535532,73613487,5037804,2010
187912,16862185,6747786,384906067,14492,2010
187958,,,,2989312,2010
187967,71154396,35167527,232945688,13804528,2010
187976,,,,571867,2010
187985,753775479,926504606,1454119219,46421197,2010
187994,1911383,1173005,18168944,299919,2010
188003,1505515,713984,9583502,879501,2010
188021,804496,296453,5428107,197889,2010
188030,109544003,245310448,436799651,23248140,2010
188049,,,,29830,2010
188058,6110035,2517745,28994444,3940933,2010
188100,23158382,33054997,72204951,2703232,2010
188137,39801371,32072141,76096635,3087087,2010
188216,,,,0,2010
188225,,,,5086401,2010
188261,2329934,1061128,19376336,4644996,2010
188304,18039589,10473369,40619395,5996226,2010
188438,13634453,24991812,19843298,422365,2010
189547,17558634,38487670,14899135,82992,2010
189839,17905646,28455586,4182909,791855,2010
190035,682271629,1161127036,74488326,72452035,2010
190053,6423781,17083526,-738943,1714422,2010
190169,7249592,36847864,-6306793,1597308,2010
190442,22431515,32148224,28337883,841501,2010
190512,58999963,422018173,-3064205,31948939,2010
190521,93810784,150834234,83372230,36484069,2010
190530,24645838,55114534,30808239,15046624,2010
190549,51867668,332061445,47808992,17662541,2010
190558,46426277,380186899,-139583337,28098229,2010
190567,64128649,629438062,10334508,61384532,2010
190576,36457128,216996129,-9521932,11949982,2010
190585,19564634,95290495,-12181325,12626202,2010
190594,76044300,305727729,109452961,38891222,2010
190600,29682351,367869303,83804207,28158074,2010
190619,21379442,67799808,54934923,6120889,2010
190628,23716697,127692101,9398386,15518171,2010
190637,34201909,183270570,12839970,12553263,2010
190646,18158371,181677097,60544533,16791953,2010
190655,25132521,107958544,-8306631,5976148,2010
190664,68934253,363700189,46108865,19944363,2010
190673,14973167,25677522,23382794,3109337,2010
190682,58547476,67422672,4979868,2066924,2010
190691,24862450,120312659,27521058,13567151,2010
190840,23321599,78429287,1956148,2807454,2010
191083,42916993,64044042,-6706447,0,2010
191126,82776649,76819149,102498571,16771218,2010
191199,11864986,15694794,33439908,13308102,2010
191302,5117449,13909876,11083486,540534,2010
191339,21190174,14389692,31654017,3547661,2010
191612,13102137,37097829,10352910,887614,2010
191719,60603314,147242121,32785536,10852161,2010
191986,24014883,51535807,37819227,4036190,2010
192022,12663824,32158896,5675338,189649,2010
193122,,,,0,2010
193283,25209491,53221252,16747124,0,2010
193326,56667946,111745916,66862085,8847104,2010
193478,56273787,443296657,-253681995,0,2010
193946,27565941,65963272,-8461771,673259,2010
194028,3545918,3235757,4108736,0,2010
194222,41819329,117030609,21234679,0,2010
194240,28303638,128499095,1791575,0,2010
194259,,,,0,2010
195058,16160949,81529270,-6822113,912001,2010
195322,13943212,40790590,-1222110,0,2010
195827,147108624,1387421940,-683204289,54443,2010
195988,2918436,21825296,912350,0,2010
196006,25393185,93879598,17006139,1966526,2010
196015,22624718,93049314,6319014,73206,2010
196024,22459694,83683672,15310175,33045,2010
196033,23022880,80710321,15222387,497240,2010
196042,29550105,175997410,-8174778,15610,2010
196051,19512232,97955967,17334962,25924,2010
196060,189041061,535756225,98801483,26090537,2010
196079,152970445,606314233,141586512,26891070,2010
196088,233083442,1099144049,-57724356,3294667,2010
196097,686873935,1769595819,351554174,6117349,2010
196103,19499791,108104663,-3084422,591760,2010
196112,20507441,126566734,-44828114,64674,2010
196121,33264550,217932216,-662891,266172,2010
196130,84891573,250307648,12123373,256645,2010
196149,31100585,200451745,19512349,219055,2010
196158,48476025,173007275,33230853,156565,2010
196167,44366300,184666721,30007118,100,2010
196176,45369851,257152015,1055643,198607,2010
196185,39581637,182566183,26747139,816095,2010
196194,60629932,258972108,33218757,214292,2010
196200,18087675,134387593,-5173693,201900,2010
196219,32967845,161888341,40794375,551258,2010
196228,19420989,57765634,68750350,122736,2010
196237,24983882,157991056,598202,18014,2010
196246,36075172,161139304,7922976,1667114,2010
196255,293153944,804508694,-75987701,221407,2010
196264,42141668,83253862,-6918307,0,2010
196291,29174601,96022015,8408767,1556994,2010
196307,268993847,840130878,-32070857,4214129,2010
196565,7020771,42736077,15403526,0,2010
196699,8956339,37866843,-12116710,826234,2010
197027,,,,16224000,2010
197036,,,,0,2010
197294,93157535,178670798,31821210,602439,2010
197814,5544282,1463642,41282162,4771636,2010
197850,2555272,1485393,22497073,1675787,2010
197869,88186881,240866324,364325076,15627414,2010
197887,5951274,5035658,74055878,3115980,2010
197966,1092878,968105,17008527,1171249,2010
198011,1250061,823938,9294396,483622,2010
198039,1428316,1360693,30941744,18980100,2010
198084,2109162,846745,45341670,4464610,2010
198118,5299569,2483429,40296639,741195,2010
198154,7942542,4681224,117855247,6884488,2010
198206,1394652,1447753,26001842,515034,2010
198233,7625489,3689173,47371437,4747089,2010
198251,4345117,4150558,40420145,3975116,2010
198260,22478787,22679699,287293320,23535165,2010
198321,4710276,2403714,23274392,2633019,2010
198330,6005596,2253850,34768258,2189640,2010
198367,4617270,2136604,38030198,1323072,2010
198376,7177306,3448252,36184590,3229176,2010
198455,3025778,2784159,44797882,3838833,2010
198464,258405198,292414853,801748653,24886646,2010
198491,2274206,2350092,19949705,628701,2010
198507,20752023,28957049,119840256,13817069,2010
198534,13120895,4572180,91385718,2917792,2010
198543,14564144,14157620,121275634,6523058,2010
198552,5443025,5508499,69932962,12519512,2010
198570,9080400,4144954,68045536,10571972,2010
198622,21093925,5154422,176743441,13675636,2010
198640,1702819,1094074,15945842,670297,2010
198668,5971331,1372527,33623405,2188624,2010
198710,5282992,1693753,35151792,2211712,2010
198729,2126762,1163868,10764518,486022,2010
198774,6902084,4949248,51881645,4096711,2010
198817,2816592,2008420,34632747,2882549,2010
198905,1799434,465567,9831881,1375751,2010
198914,1011766,946110,15111665,1072389,2010
198923,1370284,1508777,9643345,1031552,2010
198987,4490166,1852929,39590609,2727339,2010
199023,816417,533196,8271752,408582,2010
199087,2755533,2277364,21294661,3288465,2010
199102,63934397,39642819,358793914,7167671,2010
199111,21232867,30651408,164542040,25158437,2010
199120,1253868685,2791887593,3711597694,168413525,2010
199139,171881321,249074908,730472395,21012212,2010
199148,124398561,193338972,581980413,23094122,2010
199157,30213916,112378405,220037068,2270366,2010
199175,53184594,14212117,138485432,879629,2010
199184,13520345,13715026,106903298,1663492,2010
199193,333598950,680405650,1514253038,47353351,2010
199218,89987511,262754668,351039403,4891001,2010
199263,1111911,367249,8824375,218935,2010
199281,22417867,41634935,112694195,3991318,2010
199324,1438372,1879015,14668247,1033986,2010
199333,6209965,3178073,52224282,7074519,2010
199421,2609973,1764222,25347823,2086375,2010
199449,1671905,1565564,19847961,679501,2010
199467,1272116,747396,8458585,360842,2010
199476,3351186,1751286,25671923,1592290,2010
199485,1892457,818531,20380407,838692,2010
199494,9055818,27070298,50920214,5751330,2010
199625,1569900,1312918,15956483,1217549,2010
199634,12266311,10947109,54752730,3589265,2010
199722,2966018,2256035,17533904,1976739,2010
199731,3734314,2014032,27679858,1477136,2010
199740,1663799,2021291,12494464,898302,2010
199768,5219950,1780016,28718508,1251286,2010
199786,3230377,1462944,33140095,1633797,2010
199795,2292422,589061,8546818,575050,2010
199838,6298671,2465556,33899997,1541515,2010
199856,13363615,8206962,155199520,18100775,2010
199892,2955949,1541011,33903506,1295376,2010
199908,4719522,1492846,18162081,1749096,2010
199926,4593690,3232328,31901874,1871866,2010
199953,4008849,827085,14426845,418728,2010
199999,24173019,79881961,121411044,1374740,2010
200004,75102234,110460998,311589894,13693556,2010
200022,10678654,11239160,31785203,1404135,2010
200059,14407687,3040748,46942337,11741425,2010
200086,2681417,1976545,8631825,0,2010
200192,5229777,2868124,6595987,73051,2010
200208,1382872,398219,12637307,63692,2010
200226,3804909,15127649,11493176,2350155,2010
200253,29359112,23991644,74676380,10628225,2010
200280,78841630,149385150,351910110,6906735,2010
200305,16104869,4191985,31026431,5542074,2010
200314,1731329,769531,5947167,291911,2010
200332,72026725,181335589,227903766,19916627,2010
200341,2199610,2000636,15867678,665540,2010
200466,2427976,2251061,21977462,0,2010
200572,5007885,5396977,10592865,1708850,2010
200800,250344577,537327189,463598042,19922381,2010
200828,,,,0,2010
201034,,,,73041,2010
201098,,,,646471,2010
201131,,,,0,2010
201159,,,,0,2010
201283,14132856,1071799,18383783,506761,2010
201441,175253232,202867522,388259563,20392040,2010
201478,,,,0,2010
201496,,,,0,2010
201539,,,,0,2010
201672,16518739,8520723,43077634,33635,2010
201690,21994662,19023972,77255079,2893224,2010
201803,,,,0,2010
201885,255744474,1411498214,1684249570,31667025,2010
201928,36961182,61284485,62562971,1604759,2010
201946,,,,32346,2010
201955,,,,209094,2010
201973,16901196,14195070,34912648,923085,2010
202134,51420926,274208820,337059117,19978296,2010
202152,,,,0,2010
202222,161740643,42082780,283632615,12893100,2010
202356,212552017,317379581,281398214,13612789,2010
202648,8216034,9838478,16886609,1041211,2010
202657,,,,0,2010
202949,,,,0,2010
202985,,,,107001,2010
203030,,,,0,2010
203155,17826570,14941003,47762935,1673218,2010
203331,6007596,2316370,14462784,927543,2010
203447,,,,0,2010
203456,,,,0,2010
203465,,,,0,2010
203474,,,,0,2010
203483,,,,0,2010
203492,,,,0,2010
203517,236553000,408766000,588301000,17225000,2010
203526,,,,0,2010
203599,31277607,33943047,39111274,1232008,2010
203614,,,,0,2010
203678,13991630,7887729,35985980,0,2010
203748,52448350,25656253,139399461,3258926,2010
203881,8005292,2893427,7140066,848757,2010
203942,,,,0,2010
204006,,,,1313510,2010
204015,,,,1900304,2010
204024,218683477,299868012,776158027,21453696,2010
204158,,,,445109,2010
204255,12877371,3537353,23756668,658657,2010
204422,6932673,4938328,20703774,0,2010
204440,13701832,4921105,23837612,0,2010
204459,,,,0,2010
204477,40721421,8380038,79100865,910080,2010
204662,5646055,451070,27709146,143092,2010
204671,4229302,1294922,11479351,69911,2010
204680,9044242,1465101,34187397,22051,2010
204699,14786466,1613090,39284801,99413,2010
204705,17941577,2282819,42268330,12396,2010
204796,1764732182,2353001121,4565701687,81606902,2010
204802,,,,0,2010
204820,,,,0,2010
204839,,,,0,2010
204848,,,,0,2010
204857,251112781,289006480,629630303,27623609,2010
204866,,,,0,2010
204945,66206999,47413227,107453141,9621642,2010
204981,,,,0,2010
205443,11115524,27196975,88543289,630153,2010
205470,75241514,32669869,281073164,5770502,2010
205841,26740961,8701689,81447224,5525775,2010
205966,9700591,7667145,22776622,221216,2010
206011,10536717,3399162,28769541,3129104,2010
206084,207352775,479522045,565343927,17062168,2010
206172,,,,25000,2010
206181,,,,0,2010
206321,,,,0,2010
206446,7081011,3807359,18960531,112646,2010
206604,84312689,125015456,371506140,14605115,2010
206613,,,,0,2010
206695,90635460,100859380,203356967,15678032,2010
206905,,,,0,2010
206914,21016138,36219153,64035473,2240570,2010
206923,8783654,9099882,19936647,467266,2010
206941,69497291,95108355,100015488,4042263,2010
206996,8891565,9311030,17280343,1231935,2010
207041,21018456,31942025,54002622,1774266,2010
207050,6375484,15048264,11372811,1176551,2010
207069,1381848,21515500,7550790,1656637,2010
207209,18352744,34812503,87003252,5430929,2010
207236,18308981,13720877,18021379,0,2010
207263,52922285,72165999,159630696,3560117,2010
207281,13427666,17725277,22379757,4474667,2010
207290,11701324,9678421,27291771,927672,2010
207306,6303024,10274579,23602745,4544696,2010
207315,43017315,37263113,57221260,1554081,2010
207342,528586000,287879000,742050000,11185000,2010
207351,3975099,15076994,14303437,1461258,2010
207388,191845959,663483786,804236935,190457681,2010
207397,22250323,12287338,37777583,1244470,2010
207449,28664196,38903629,64344559,3516955,2010
207500,265286000,976763000,738132000,62145000,2010
207564,20850427,17470768,35046980,1033088,2010
207661,13367085,35177494,32559111,1957070,2010
207670,18885642,19407673,39972680,1911597,2010
207722,5354663,10583034,14115564,2137021,2010
207740,1677923,22951742,2721116,1161267,2010
207847,4948169,39090860,23686586,1841548,2010
207865,23479951,25177015,54301695,2048196,2010
207935,40205358,55742248,104529578,2542243,2010
208026,,,,0,2010
208035,4879078,5486738,17738721,1219666,2010
208053,,,,0,2010
208275,9297574,17866266,25551222,3320460,2010
208318,75107104,67906882,61562315,1786124,2010
208390,119975723,149860857,157087757,4020860,2010
208406,35220837,97694582,36871576,0,2010
208415,8562119,34795428,21716798,10000,2010
208646,13258151,55237874,20382530,4408576,2010
209038,86338811,114111332,113721925,0,2010
209074,24208840,55239432,43005395,5346515,2010
209250,32306000,85111000,35415000,0,2010
209445,477032026,488987098,39297514,3630119,2010
209490,444087000,1063141000,1695674000,13638000,2010
209506,16824421,62228862,32306939,2126041,2010
209542,225761248,544759794,502896344,24002923,2010
209551,189239630,735207397,533659014,105162132,2010
209746,184244886,460658649,254832190,234423,2010
209807,121568450,393221394,208588926,13106718,2010
209940,17874718,46787135,24071612,0,2010
210146,19958964,67437447,38999642,4831734,2010
210155,12630298,45179788,16704640,0,2010
210234,6921945,20644651,8315216,0,2010
210270,13239145,15246106,20304928,2092060,2010
210429,30835072,100355119,37662866,2913392,2010
210605,38444706,71931546,85693572,0,2010
211079,3989475,36966250,7026255,1748899,2010
211158,82995124,162983351,56546651,1059276,2010
211307,33643399,65205172,53702258,3277323,2010
211343,15539780,34583876,23763189,2904197,2010
211361,52755615,155921748,6164199,293525,2010
211608,10767385,50409182,-5309780,887641,2010
211644,39221700,84414385,15390905,1662359,2010
211927,66021471,86294739,64979720,6436889,2010
212115,56103141,129256952,35752232,314194,2010
212160,57404209,118871825,12609659,361303,2010
212878,98016865,114148171,114755035,8585777,2010
213020,73752870,193435956,19608416,6208163,2010
213349,94519563,247080146,97258458,237891,2010
213525,20197680,35389752,37653075,8680719,2010
213613,50524724,71884767,45031953,173198,2010
213659,31401009,21378802,49721974,5851369,2010
213783,36003585,66735699,10696961,167976,2010
214041,78907571,132615589,68159513,1047656,2010
214111,50803326,82484414,76596228,7017583,2010
214379,35600988,38053756,58946985,6040720,2010
214661,62903891,38886122,40946302,0,2010
215239,48527134,152722848,84377130,13979230,2010
215585,24416170,28978405,42822082,3050572,2010
215886,,,,0,2010
216010,75677118,122398213,67068716,1182964,2010
216038,78430150,121040532,55938311,284167,2010
216296,5103687,3928760,3093906,0,2010
216764,146869152,197245676,122901794,1210506,2010
216825,19412088,28553379,23539589,4338160,2010
217420,28271728,68108141,66639199,4433911,2010
217475,23429143,20998993,52833542,3214431,2010
217484,115984407,347628597,339169676,24484622,2010
217615,9907228,3664034,30368748,200568,2010
217712,11200362,5454880,24559406,246697,2010
217819,96725654,236560472,226799252,1273157,2010
217837,3114719,1252660,11108678,42212,2010
217864,36362155,67066377,110158876,1650491,2010
217882,323568886,228940322,852177648,46730267,2010
217989,6391408,1597205,9238038,206876,2010
218025,12321038,26213657,37850855,0,2010
218061,14750823,18877152,74778772,783441,2010
218113,38853295,58996485,82543983,865564,2010
218140,29906010,7095371,69325798,4256303,2010
218229,21224996,20545570,54825126,0,2010
218335,189416667,318094651,518438681,57671854,2010
218353,66567471,31563446,100980538,4262357,2010
218487,8455157,2588051,26193441,1681174,2010
218520,22123068,4733031,38310268,3293514,2010
218645,11809163,45448787,48723191,236423,2010
218654,5304852,1593028,42571509,53191,2010
218663,448035705,469429193,893026940,23011683,2010
218672,2502229,873970,15003250,275735,2010
218681,3707468,468010,5215095,216178,2010
218690,3112507,794308,11109390,108427,2010
218706,2873377,230297,4063266,27832,2010
218724,138965107,111073344,138823281,14068306,2010
218733,10949525,95938750,64309712,6923360,2010
218742,20764969,51570629,43663000,318766,2010
218830,14235587,14617104,39750716,1013325,2010
218858,17345822,10515851,35583679,7140010,2010
218885,26863869,12591147,52150196,1274473,2010
218894,48365210,23757044,104914529,250000,2010
218955,5378104,1234387,4879217,43582,2010
218964,29218578,94804897,84120340,277885,2010
218991,23365991,5750709,44147736,267970,2010
219046,18116061,25178668,45566631,1080286,2010
219082,6284266,14226010,15697604,3485359,2010
219143,3187972,2507408,24411776,0,2010
219189,2548091,1300109,14366831,0,2010
219259,7606610,15473483,26924331,1824462,2010
219277,35744167,7726018,52554184,3273039,2010
219347,17989507,35619904,51387237,16564605,2010
219356,39218321,109461023,229771950,43284129,2010
219408,2064601,906317,11752612,130000,2010
219426,11609300,1958978,24654652,0,2010
219471,60667185,120989512,173524476,12804095,2010
219480,3484554,1246772,14896589,1001948,2010
219596,,,,0,2010
219602,26220854,60750819,142802837,6312216,2010
219824,9509025,11295019,48733248,4762532,2010
219879,5952798,5036267,11806162,907732,2010
219888,8039739,6161017,30612336,96238,2010
219921,,,,0,2010
219994,,,,162135,2010
220057,4183038,3193148,30128256,78115,2010
220075,37760824,178472986,202233449,3231918,2010
220127,,,,0,2010
220251,,,,0,2010
220279,,,,146025,2010
220321,,,,0,2010
220394,,,,26100,2010
220400,11672055,11151660,18387970,157940,2010
220640,,,,268179,2010
220756,,,,4013,2010
220853,,,,77176,2010
220862,72962905,173365235,357710101,25617566,2010
220978,66568376,224720216,241841710,11572870,2010
221050,,,,352089,2010
221096,8673753,6646325,39646076,988369,2010
221102,,,,39063,2010
221184,17414347,12401943,68666042,9910920,2010
221236,,,,44860,2010
221281,,,,477,2010
221333,,,,248848,2010
221388,,,,192409,2010
221397,9227475,9765689,46595057,853356,2010
221430,,,,5719,2010
221485,28299823,17577181,124913537,8110531,2010
221494,,,,118944,2010
221582,,,,0,2010
221591,,,,165348,2010
221607,,,,63813,2010
221616,,,,0,2010
221625,,,,0,2010
221634,,,,113232,2010
221643,15972203,12624177,69068015,12105424,2010
221740,50621936,72820259,171006934,10575396,2010
221759,417063741,830132644,2003844020,119778025,2010
221768,30230732,93820345,90552964,2103751,2010
221838,22839547,69279412,181027115,6138621,2010
221847,35797021,58188822,116125064,4220107,2010
221908,12148502,7522580,53499678,252119,2010
222053,12735799,12040132,51701240,1227319,2010
222062,15936146,11214044,63128029,3961009,2010
222497,97743342,670106181,277330848,49000,2010
222567,11647961,23596125,20799348,0,2010
222576,71012130,78749794,99197660,0,2010
222822,9578609,30549938,32531088,74596,2010
222831,79258236,98651402,186213877,4096623,2010
222992,104626244,366433123,97204483,0,2010
223214,63996560,66152025,402862147,178798864,2010
223320,9533564,10636425,13191207,0,2010
223427,35525487,73067140,81401799,88388,2010
223506,3312607,45701157,35942913,482,2010
223524,11807328,70848908,40255097,0,2010
223773,8130759,59437645,36143822,0,2010
223816,107087617,30410999,171757833,0,2010
223898,10912708,17878134,11162186,0,2010
223922,3490822,8450259,14858349,173756,2010
224110,21035042,13517401,37101560,0,2010
224147,54082691,54789988,192751068,24269392,2010
224253,39856207,60193960,173649066,0,2010
224350,35630099,145368694,76830100,0,2010
224545,13917929,7214654,45506808,2038412,2010
224554,35626931,59464278,157198399,31405678,2010
224572,13466893,74708450,36487243,0,2010
224615,14074450,83835866,27428898,0,2010
224642,122161260,126396582,111512628,0,2010
224891,3522471,6150892,13257759,0,2010
224961,13021647,5501164,23450003,0,2010
225070,26701802,66073202,36535516,10000,2010
225308,15196138,5607063,41582275,8690,2010
225371,11912177,9392047,24397620,2820,2010
225414,51807724,63058618,75876790,5741562,2010
225423,130987874,715109661,267544695,0,2010
225432,66970193,90026998,95492696,10200201,2010
225502,45471912,61134421,25730351,2447650,2010
225511,404671152,778157266,832798682,48086371,2010
225520,14796460,29682149,33143569,94999,2010
226019,24569518,12036721,62872234,221951,2010
226091,81887049,65187221,227847857,8182495,2010
226107,20687131,5105706,38013106,1140745,2010
226116,11114605,5329578,25478183,1705860,2010
226134,72989602,119134486,36410728,96997,2010
226152,25543574,20751340,179823210,4732355,2010
226204,16325370,43631575,37909438,0,2010
226408,20918896,10714249,24679213,0,2010
226578,32458416,120320046,42528067,0,2010
226806,25673181,60125772,75868607,960537,2010
226833,46728577,125036888,89138120,7912155,2010
226930,8698360,62325277,27223741,0,2010
227146,29049544,49686330,36436051,0,2010
227182,385223038,712814688,223686560,0,2010
227191,11670380,76019585,63511224,0,2010
227216,417439142,513038715,513293260,30639435,2010
227225,5211320,23300305,11039414,65641,2010
227304,17806732,29720791,30390244,14770,2010
227368,91620419,71917808,291974085,14074730,2010
227377,95664238,159544630,229398573,16574164,2010
227386,14142910,11679421,18383028,185482,2010
227401,24324980,22786090,29145106,0,2010
227526,116145582,72546469,383244765,19815114,2010
227687,2394727,1941419,3203527,0,2010
227766,17801672,94762608,55553758,0,2010
227854,,,,0,2010
227881,183101643,88339236,428287313,28401771,2010
227924,,,,0,2010
227979,74505054,308421330,198304118,0,2010
228158,18573784,9591522,48195377,0,2010
228316,10751042,16674530,16093189,0,2010
228431,155540919,286063315,131921291,7954427,2010
228459,450822474,190179562,914178843,46456337,2010
228501,35278675,12302634,82382308,2936657,2010
228529,50352135,53287268,177670185,2099039,2010
228547,104217955,99349951,870543286,26223,2010
228608,25492448,40865601,22094635,25141,2010
228635,480638393,275472320,3069081200,173580306,2010
228644,207814751,152971641,1210414394,38514509,2010
228653,530206616,313437585,1445950573,55475816,2010
228671,15386553,1183747,14659067,1061623,2010
228680,44894716,45532190,38528735,2576476,2010
228699,15210948,4405903,33685645,0,2010
228705,51717714,52430961,155174425,17701450,2010
228714,25680328,16597914,106052858,57460132,2010
228723,498403382,715080890,2318675406,319422707,2010
228732,1475991284,5364695985,-590337177,389664938,2010
228769,113370440,125629734,801267113,11104718,2010
228778,896380092,689585006,6258671820,637693929,2010
228787,144565710,105400594,904147506,108922468,2010
228796,191539261,99249694,733800737,126145569,2010
228802,36400979,24478883,267345229,17617948,2010
228909,116944580,113133335,163038258,12166647,2010
229018,76814209,30617875,227431168,51386419,2010
229027,148203323,162225366,924341797,24800910,2010
229063,110210223,181797302,146873857,11314018,2010
229090,2336355580,15606505651,16883858129,1102685758,2010
229115,313634175,564215622,910244754,127872552,2010
229179,152643140,151729088,328733933,8723873,2010
229300,289742321,174223290,1211392648,122122356,2010
229319,29483325,23922361,28603586,0,2010
229328,13493082,14582221,14514037,1257230,2010
229337,271742320,245241161,655010941,22331774,2010
229355,28775144,102474919,72816748,0,2010
229407,264785957,746647008,152844430,3269435,2010
229504,10051809,13158027,15509338,34040,2010
229540,14984735,24164980,37900255,69755,2010
229799,28556808,13883842,45727366,0,2010
229814,34907845,72676260,163970586,26251972,2010
229832,5722855,15595723,13560286,413664,2010
229841,18472475,16079559,43610058,0,2010
230010,,,,82828,2010
230092,8009141,5397150,64302148,576498,2010
230162,4794826,1564206,35120776,762724,2010
230171,21051253,10776804,112269800,1900638,2010
230490,,,,15900,2010
230597,11820168,4935871,110540522,16388100,2010
230603,37624773,34175214,147135304,3138287,2010
230676,4245238,1017985,32975000,27586211,2010
230728,137635025,221882507,720347202,29752572,2010
230737,93856717,48663013,264340312,5435481,2010
230746,107960231,36030433,256570464,267124,2010
230764,1149117000,850175000,3131472000,63794000,2010
230782,48836875,49711361,329928265,9730159,2010
230834,,,,596335,2010
230861,,,,157487,2010
230913,,,,667840,2010
230931,,,,844560,2010
231156,39965571,180102242,71232579,1964652,2010
231165,,,,1108248,2010
231174,214432000,643435000,466028000,15542000,2010
231536,3164728,3895993,25936183,3643023,2010
231624,32665426,249586164,429821460,51217525,2010
231688,,,,0,2010
231697,2081052,4205495,15848673,600099,2010
231712,25872524,163709179,198758383,27747441,2010
231873,675380,1045772,7540054,521814,2010
231882,3946999,3738059,26405891,103719,2010
232052,1211724,811826,8813659,229788,2010
232186,143805868,705864973,509355641,74175306,2010
232195,4601255,4926309,27800524,1081114,2010
232414,12587629,15990810,64487476,5810698,2010
232423,156293720,308987466,562331954,29058286,2010
232450,7804548,5667897,58484829,5072422,2010
232566,54331220,94022642,167421096,18206476,2010
232575,4896755,4987177,34565341,5270726,2010
232681,18819615,61080682,134081994,9440669,2010
232788,4458642,2020239,20905289,762683,2010
232867,6011682,3387597,15774225,249405,2010
232937,36661237,73288856,126244135,7678500,2010
232946,81372260,64024262,242170010,18294321,2010
232982,75858954,351889338,323302103,13311999,2010
233019,3724672,3279351,18445526,2171228,2010
233037,1931460,1917286,10312435,107349,2010
233116,4100050,4733607,27126388,9577291,2010
233277,94679635,48411593,208082132,13437036,2010
233310,2942668,3266676,9253980,947313,2010
233338,2976791,3649367,26448838,15605649,2010
233639,5475882,4233492,12046859,69696,2010
233648,3592241,3170113,28252747,2416597,2010
233754,8666571,12826732,59054053,5770647,2010
233772,45014946,85038812,187972465,37999670,2010
233897,24039662,51359873,131046821,29093066,2010
233903,2388935,1953223,8139379,108564,2010
233921,296165116,605351706,1048659342,91193374,2010
233949,5919219,5889537,25214671,1658290,2010
234030,239948247,557927359,672535338,14260267,2010
234076,593187978,1490896523,5226714331,164883116,2010
234085,21609072,27899500,227760130,20707206,2010
234155,44729909,90245783,130776266,12649113,2010
234225,,,,0,2010
234359,,,,0,2010
234377,6124884,3914846,18406589,3095205,2010
234669,83172104,28207325,176798841,3655360,2010
234696,33448163,30638700,41491546,1007050,2010
234711,18188916,6981525,35684001,0,2010
234827,36501924,135826047,338340589,11027658,2010
234845,12903364,3622065,61619486,429568,2010
234933,23889851,13776596,118781598,3325292,2010
234951,21655763,20626220,65442331,637167,2010
234979,19398683,14644717,83133284,17742365,2010
235097,63748550,63551233,297722781,6733094,2010
235103,23601472,24792679,98039380,3736422,2010
235149,41560702,31686100,121280924,4295698,2010
235167,51305542,33449730,190136969,6025548,2010
235237,14144785,12550579,90626032,22355256,2010
235334,8652587,3465042,49393098,3309953,2010
235343,55639233,53953567,101126485,1336429,2010
235431,26173372,19866983,64158423,5593,2010
235671,8422303,8980236,34449375,784665,2010
235699,9432217,3578355,56459387,10654759,2010
235750,16749388,4986082,57823713,1100888,2010
236072,32429494,32990399,32549311,7874085,2010
236188,19678993,9642265,110359730,17948642,2010
236258,8176028,3725525,55794391,8960041,2010
236382,14790264,4663014,47524934,573175,2010
236504,16392874,4396558,59345560,225784,2010
236513,34881495,17587748,89700111,14925536,2010
236610,23045741,21661596,49224052,3570852,2010
236638,20800944,10968085,74858373,4998201,2010
236656,21851894,10700112,118586518,18596160,2010
236692,43679590,11968122,97701125,12262580,2010
236708,29360306,13576321,78689034,20328917,2010
236753,18827816,13238069,80766125,802122,2010
236887,12298461,6756209,48536430,4678962,2010
236939,273900995,535262931,1549607910,23293710,2010
236948,851285911,1806645501,5193668773,92485947,2010
236975,9531189,9393529,24035041,537894,2010
237011,81794461,119831904,409788893,31674286,2010
237039,19507259,5795655,70700295,731661,2010
237109,31329562,4378072,100725429,1959837,2010
237215,8291597,4246166,15721901,246983,2010
237242,,,,0,2010
237330,8798398,14728780,45887238,4492277,2010
237367,24302410,77596771,61937745,342213,2010
237385,5148587,35468226,26121446,1076191,2010
237473,,,,1005422,2010
237491,,,,0,2010
237525,111264604,141479588,312580880,4045400,2010
237561,,,,0,2010
237686,11304864,9512480,16736441,11982,2010
237729,,,,0,2010
237792,19494506,60994866,81278295,792510,2010
237817,6743621,5831815,26278838,0,2010
237844,,,,915089,2010
237880,48438154,16141088,82695561,0,2010
237899,9602097,16966520,21534459,974403,2010
237932,8807894,22225749,34302303,0,2010
238014,11176394,2863827,34108881,510647,2010
238032,172012335,620526969,742172953,36153579,2010
238263,88196946,93830067,89102825,0,2010
238397,19125845,21706705,25966193,0,2010
238722,55289145,75228253,53491926,0,2010
238759,34776736,42064881,40656521,670235,2010
239008,14690527,24130368,13584987,298148,2010
239220,19077405,28209672,13198771,0,2010
239248,,,,0,2010
239372,31371984,33704069,43876322,516596,2010
239442,11915474,12793340,17271759,23537,2010
239460,21201138,31733373,49211421,0,2010
239488,44351153,56527665,66813107,476380,2010
239910,8561717,46028835,12774721,2723174,2010
240055,24590223,10218912,46230104,2753939,2010
240116,23591029,26567544,46993064,0,2010
240125,30610252,43104704,72350271,50298,2010
240170,29255494,61998750,30959266,173599,2010
240189,55890590,93087499,185695659,5510324,2010
240198,23445013,21204180,26253162,0,2010
240268,53553387,31564382,162909152,2261264,2010
240277,26407012,19622544,127553649,353183,2010
240329,83274986,55843792,208592733,22425482,2010
240365,59792890,73825766,177648466,22406903,2010
240374,30554463,59781495,91805174,14052498,2010
240417,39853924,53174667,156170580,16573433,2010
240426,11573950,27921768,81448323,12053737,2010
240435,84345591,17523039,99301470,49758887,2010
240444,649102233,911233441,2755876968,152354116,2010
240453,143670091,99040411,495796570,21984517,2010
240462,35587940,77047508,122835131,11904774,2010
240471,30131893,41819971,114882396,2739869,2010
240480,53034467,85077976,152914936,1958180,2010
240505,21556910,42897115,51329768,1254198,2010
240514,17691872,8487604,35202836,1431931,2010
240596,4491597,3319719,17335799,613421,2010
240620,20274768,33099010,59954436,512865,2010
240657,18569338,13260478,32665810,429778,2010
240666,12387033,21742179,65090918,1687791,2010
240693,21237517,12248111,76127269,0,2010
240727,275741616,164132382,824567517,15349024,2010
240736,3302995,6488792,5249029,0,2010
240745,11252734,5312816,26578064,2299383,2010
240754,27644361,26665792,88925179,0,2010
240790,8147902,2966971,16583295,0,2010
241720,,,,0,2010
241766,2045844,9913885,75995121,125769,2010
241951,3625665,1437777,10396261,9980,2010
242042,,,,0,2010
242556,,,,0,2010
242565,,,,0,2010
242583,,,,0,2010
243106,625312,5569786,3684957,0,2010
243115,6662787,20547691,0,0,2010
243133,10788920,63184677,753300,0,2010
243142,6058152,29218211,394068,0,2010
243151,8809254,52347172,0,0,2010
243160,2921481,183113992,358962193,10536678,2010
243179,8580560,41235101,0,0,2010
243188,8241180,27181140,2507009,0,2010
243197,28420621,161982878,0,0,2010
243203,98286669,193044325,919561,2700,2010
243212,941634,17127916,872160,0,2010
243221,53115131,261532519,0,0,2010
243638,13938917,4922740,22579329,0,2010
243647,2174789,1449158,4397851,268739,2010
243665,27753703,55933975,72901838,3192205,2010
243780,639287972,1042745369,2827283691,38799259,2010
243799,,,,0,2010
244437,26657615,98730632,91382010,1598908,2010
244446,4925504,2638922,31861328,85671,2010
245625,4015520,1529865,14385695,119519,2010
245999,,,,0,2010
246017,,,,0,2010
246071,,,,0,2010
246354,,,,0,2010
246813,2606932,2615457,36234944,17459202,2010
247083,2131367,3240841,-1097124,24777,2010
247603,2827986,3164669,38498594,0,2010
247737,5868998,250632,5666994,0,2010
247834,216214059,75068056,369214446,375000,2010
247940,,,,3259068,2010
248606,,,,0,2010
248624,,,,71868,2010
248633,,,,0,2010
248776,2210507,859133,18406569,8383856,2010
248925,,,,0,2010
250993,,,,0,2010
251260,27948591,27815801,74432745,0,2010
260336,,,,61549,2010
260363,,,,53686,2010
260372,1810355,885885,8748428,0,2010
260381,36387596,28266256,45656480,513684,2010
261375,,,,0,2010
261773,,,,0,2010
262031,25917694,47721982,47318283,0,2010
262129,29953434,41592067,60984441,2582982,2010
363165,,,,0,2010
363563,68996399,52960050,95918840,5733069,2010
363633,4005754,1112585,17848218,0,2010
364016,,,,110538,2010
364025,,,,96531,2010
364548,,,,250,2010
364575,,,,0,2010
364618,,,,0,2010
364627,,,,637586,2010
364636,,,,5000,2010
364946,,,,287275,2010
364964,,,,0,2010
365198,,,,0,2010
365213,,,,0,2010
365240,,,,0,2010
365374,,,,0,2010
365383,,,,0,2010
365480,,,,0,2010
365763,,,,0,2010
366340,3296404,2393925,13716802,946547,2010
366395,60119671,284993870,-85219039,7905612,2010
366401,16979843,236247137,42300963,154255,2010
366447,2375834,1065111,11339512,286211,2010
366465,1712737,909355,17084775,350291,2010
366623,,,,0,2010
366632,,,,0,2010
366711,41022737,104506126,211200514,5078070,2010
367459,15435617,23842837,34408722,458840,2010
367875,,,,0,2010
367972,,,,0,2010
368160,,,,0,2010
368364,,,,0,2010
368407,,,,0,2010
368647,,,,0,2010
368799,,,,0,2010
368911,2348608,1595341,23525213,251827,2010
369109,,,,0,2010
369419,,,,0,2010
369668,,,,0,2010
371690,,,,0,2010
372082,,,,0,2010
373711,,,,0,2010
374112,,,,0,2010
374592,,,,0,2010
375373,,,,0,2010
375407,,,,1762,2010
375568,,,,0,2010
375656,,,,0,2010
375683,,,,0,2010
375692,,,,0,2010
375966,,,,307040,2010
376695,1923237,2855701,16958641,5000000,2010
377485,,,,0,2010
379621,,,,0,2010
380359,2265536,393626,9642692,544704,2010
380368,4167000,7420000,21781000,478000,2010
380377,2346586,1627543,13915649,2719378,2010
381529,,,,0,2010
382258,,,,0,2010
382416,,,,0,2010
383084,,,,180000,2010
383190,4774225,3185550,22795674,16720000,2010
383312,,,,0,2010
383330,,,,0,2010
383367,,,,0,2010
383525,,,,0,2010
383996,2802110,848692,5294459,7097,2010
384333,,,,1335,2010
384342,47864760,112974094,49013810,0,2010
389860,,,,0,2010
390905,,,,0,2010
391333,,,,0,2010
395362,12715090,22530789,22584287,0,2010
399212,,,,6332668,2010
403469,,,,0,2010
403478,,,,0,2010
403487,,,,0,2010
404426,12419352,18475568,22182275,0,2010
404480,11275801,17839593,56432791,1494939,2010
405872,6025139,9530463,-1772901,0,2010
406325,,,,1633419,2010
406361,,,,453042,2010
406422,,,,0,2010
407452,,,,0,2010
407489,,,,55412,2010
407504,,,,0,2010
407513,,,,0,2010
407522,,,,0,2010
407577,,,,0,2010
407595,,,,46679,2010
407832,,,,7434,2010
408394,5018408,9180163,12765470,8657260,2010
409120,,,,0,2010
409315,111060936,83956726,229691712,1248559,2010
409379,6620757,5257997,13642636,0,2010
409537,,,,0,2010
409591,,,,0,2010
409698,29419118,88368171,279982892,106898,2010
412535,,,,0,2010
413176,,,,0,2010
413626,3291426,2034700,7743389,1635292,2010
413802,1147902,227877,941745,0,2010
414911,4387098,4717764,9390484,1079863,2010
416801,,,,37111,2010
417105,,,,146258,2010
417123,,,,0,2010
417150,,,,25199,2010
417178,,,,32171,2010
417187,,,,33272,2010
417211,,,,0,2010
417248,,,,483480,2010
417257,,,,25360,2010
417275,,,,5055,2010
417442,,,,507407,2010
417628,,,,0,2010
417637,,,,0,2010
417646,,,,0,2010
417655,,,,497042,2010
417673,,,,0,2010
417682,,,,0,2010
417716,,,,0,2010
417831,,,,870000,2010
417868,,,,0,2010
417886,,,,0,2010
417910,,,,0,2010
417947,,,,0,2010
417983,,,,0,2010
417992,,,,0,2010
418001,,,,0,2010
418010,,,,0,2010
418029,,,,0,2010
418038,,,,0,2010
418056,,,,0,2010
418065,,,,0,2010
418083,,,,0,2010
418199,,,,0,2010
418205,,,,0,2010
418223,,,,72297,2010
418250,,,,2286,2010
418278,,,,9723,2010
418287,,,,0,2010
418296,,,,0,2010
418302,,,,1120958,2010
418320,,,,0,2010
418339,,,,0,2010
418348,,,,0,2010
418357,,,,0,2010
418409,,,,0,2010
418427,,,,0,2010
418445,,,,0,2010
418454,,,,0,2010
418481,,,,0,2010
418506,,,,18449,2010
418515,,,,0,2010
418524,,,,0,2010
418533,,,,0,2010
418542,,,,5835,2010
418560,,,,0,2010
418588,,,,0,2010
418603,,,,0,2010
418612,,,,0,2010
418676,,,,0,2010
419031,,,,29922,2010
419095,,,,0,2010
419226,,,,0,2010
419332,,,,0,2010
419420,,,,0,2010
419484,,,,0,2010
420398,,,,0,2010
420431,659934,616352,7172705,117997,2010
420440,3699538,4453185,8229656,122150,2010
420468,,,,0,2010
420538,6834596,12000250,25064730,2329156,2010
420556,8991522,23505604,21414898,0,2010
420723,5220725,11451732,9409779,3126606,2010
420802,999299,0,999299,0,2010
421540,,,,0,2010
421559,,,,0,2010
421717,,,,0,2010
423652,4679519,23700081,13214152,0,2010
427991,,,,0,2010
428019,,,,0,2010
428392,15535547,9007537,16991925,0,2010
428426,60871560,498904020,192862681,379092,2010
430500,,,,0,2010
430795,,,,0,2010
430883,,,,0,2010
430908,,,,0,2010
430971,,,,0,2010
431017,,,,0,2010
431105,,,,0,2010
431169,,,,0,2010
431187,,,,0,2010
431196,,,,0,2010
431202,,,,0,2010
431266,,,,0,2010
431275,,,,0,2010
431558,,,,19140,2010
431691,,,,0,2010
431707,,,,18238,2010
431716,,,,0,2010
431770,,,,0,2010
431877,,,,0,2010
432144,204707705,24026337,406160177,573574,2010
433040,,,,0,2010
433068,,,,0,2010
433138,,,,0,2010
433174,1009539,69213,3750533,0,2010
433660,75784899,157846709,342901582,10458831,2010
434061,11096497,6969180,5358429,16746,2010
434584,3856325,1147466,3170484,0,2010
434672,35269133,28469022,129613250,24294088,2010
435000,314909003,152280958,358343046,9656377,2010
436304,993661,2100468,-1020458,0,2010
437103,19575748,13066334,27868100,226594,2010
438665,226711673,411049853,170309383,3887716,2010
438708,2237801,2085359,8998863,524178,2010
439145,10758005,10287486,65633373,14077687,2010
439154,5920680,3029817,11239345,10956908,2010
439190,9180584,3612228,118777028,12558005,2010
439622,,,,0,2010
440217,,,,0,2010
440244,10609590,13078094,22410729,0,2010
440402,8791131,7192349,21416835,810355,2010
440624,2990324,4908756,2442499,0,2010
440730,,,,0,2010
441070,965783,508879,456904,0,2010
441210,,,,0,2010
441317,,,,18677,2010
441335,,,,25749,2010
441353,,,,8753,2010
441414,,,,0,2010
441593,,,,0,2010
441672,,,,0,2010
441760,19529844,8052029,22613418,2506222,2010
441894,,,,0,2010
441900,9218000,2835000,38174000,461000,2010
441937,34198046,294254582,206365622,683000,2010
442833,,,,0,2010
443368,29371243,10868494,38038713,0,2010
443492,9347362,10032248,20730143,97610,2010
443711,18162000,77341569,26981297,17077891,2010
444219,,,,2385313,2010
444459,,,,0,2010
444954,8292090,5176170,15901522,8219194,2010
445018,3481918,2964632,641896,0,2010
445188,,,,37361000,2010
445674,2620482,3299439,3410259,862215,2010
446206,,,,28078,2010
446349,,,,1753,2010
446419,,,,0,2010
446774,7490593,3259751,9339838,0,2010
446978,9139923,10885581,400075,5428571,2010
447582,6943281,4416762,11499332,0,2010
447689,11210946,44725614,37753782,0,2010
448248,,,,1027967,2010
448336,199587,143989,64463,0,2010
448594,,,,4198250,2010
448637,115064691,119237918,76589350,2070322,2010
448840,32211004,4887724,83610320,375552,2010
449357,,,,0,2010
449816,,,,0,2010
451325,,,,0,2010
451459,,,,61693,2010
451583,,,,0,2010
451671,17675781,2130983,44708900,1478828,2010
451680,41181667,2239162,75138383,10192966,2010
452106,,,,75000,2010
455114,20138565,5229213,43591020,18126046,2010
455512,4723057,39106346,16383009,141959,2010
457378,,,,0,2010
457387,,,,0,2010
457615,,,,0,2010
457624,,,,0,2010
457873,,,,0,2010
457907,,,,0,2010
457943,,,,3363,2010
457989,,,,0,2010
459329,,,,0,2010
459408,,,,0,2010
460604,,,,3273,2010
